{
  "checkpoint": "C:\\Users\\91395\\Desktop\\Uav_deploy_code\\teacher\\UAV_Prediction\\dual_backbone_experiment\\runs_exp\\single_resnet18\\best_model.pth",
  "data_dir": "C:\\Users\\91395\\Desktop\\Uav_deploy_code\\teacher\\UAV_Prediction\\JAM_data",
  "test_csv": "re_test_paired.csv",
  "num_samples": 1000,
  "device": "cuda",
  "backbone": "resnet18",
  "use_attention": false,
  "use_dual": false,
  "compare_to": "input",
  "white_thr": 250,
  "jsr_threshold": 0.02,
  "norm_mse": 0.0076391537487506865,
  "position_error": {
    "mean": 30.652664341568947,
    "std": 35.691198899101956,
    "min": 1.672847867012024,
    "max": 306.11090087890625
  },
  "map_iou": {
    "mean": 0.9191286355419811,
    "std": 0.03483055850233781,
    "min": 0.7261405348710499,
    "max": 0.9656127550324513
  },
  "map_dice": {
    "mean": 0.9575025678839998,
    "std": 0.01972798754088777,
    "min": 0.8413457887138902,
    "max": 0.9825055851517502
  },
  "map_precision": {
    "mean": 0.9795258923080727,
    "std": 0.032843485343989585,
    "min": 0.7363733049715924,
    "max": 0.999999999999695
  },
  "map_recall": {
    "mean": 0.9375963002042368,
    "std": 0.027258008361318736,
    "min": 0.769827282339596,
    "max": 0.9830300146699246
  },
  "success_rate_iou_0.50": 1.0,
  "success_rate_iou_0.70": 1.0,
  "success_rate_iou_0.90": 0.816
}